"reportId","reportTitleArabic","reportTitleEnglish","reportDate","reportTimestamp","Settler attacks","Military checkpoints","Closures","Temporary checkpoints","Road closures","Arrests","Israeli live ammunition","Closure of entrances and crossings","Invasions","Airstrikes","Injuries","Destruction of property","Confiscation of property","Assaults on medical personnel","Assault on places of worship","Assaults on education sector","Closing","Harassment of security services","Land confiscation","Deportation","Assault","Establish military sites","detention","Palestinian live ammunition","Assaults on places of worship"
"6673a37567871a9b893efb42","التقارير اليومية حزيران 19 2024","Daily Reports June 19, 2024","2024-06-19T00:00:00.000Z","2024-06-19 23:35:16","4","1","1","1","2","44","7","6","21","1","78","0","0","0","0","0","0","0","0","0","0","0","0","0","0"
"667224197a2d77059c2aee8d","التقارير اليومية حزيران 18 2024","Daily Reports June 18, 2024","2024-06-18T00:00:00.000Z","2024-06-19 00:19:36","5","0","1","1","2","14","2","6","19","1","87","0","0","0","0","0","0","0","0","0","0","0","0","0","0"
"6670d2a800136ab04beb752d","التقارير اليومية حزيران 17 2024","Daily report June 17, 2024","2024-06-17T00:00:00.000Z","2024-06-18 00:19:51","1","3","1","2","0","7","3","6","20","1","73","0","0","0","0","0","0","0","0","0","0","0","0","0","0"
"666f817e4f2535d398c6712b","التقارير اليومية حزيران 16 2024","Daily report June 16, 2024","2024-06-16T00:00:00.000Z","2024-06-17 00:21:16","1","0","1","0","0","10","6","6","17","1","105","1","1","1","0","0","0","0","0","0","0","0","0","0","0"
"666e301f0e9ea737517d1e4d","التقارير اليومية حزيران 15 2024","Daily Reports June 15 2024","2024-06-15T00:00:00.000Z","2024-06-16 00:21:49","6","0","1","0","0","6","7","6","16","1","97","0","0","0","1","0","0","0","0","0","0","0","0","0","0"
"666cde007180774aa25e7f64","التقارير اليومية حزيران 14 2024","Daily Reports June 14, 2024","2024-06-14T00:00:00.000Z","2024-06-15 00:19:11","0","1","1","1","0","8","5","6","21","1","72","3","0","0","1","0","0","0","0","0","0","0","0","0","0"
"666b8c95f5d52a381015f868","القارير اليومية حزيران 13 2024","June 13, 2024","2024-06-13T00:00:00.000Z","2024-06-14 00:19:31","3","0","1","0","0","13","3","6","29","1","108","4","1","0","1","0","0","0","0","0","0","0","0","0","0"
"666a3b0c198ce7037544322a","التقارير اليومية حزيران 12 2024","Daily Reports June 12 2024","2024-06-12T00:00:00.000Z","2024-06-13 00:19:22","5","3","1","19","6","11","5","6","27","1","102","0","2","0","1","0","0","0","0","0","0","0","0","0","0"
"6668e997ac49cb3540b3abf4","التقارير اليومية حزيران 11 2024","Daily Reports June 11 2024","2024-06-11T00:00:00.000Z","2024-06-12 00:19:32","8","2","1","12","3","28","7","6","36","1","132","4","3","0","1","1","0","0","0","0","0","0","0","0","0"
"666798090280773a195126ff","التقارير اليومية حزيران 10 2024","Daily report June 10 2024","2024-06-10T00:00:00.000Z","2024-06-11 00:19:18","11","4","1","19","3","39","6","6","38","1","231","4","22","0","1","0","0","0","0","0","0","0","0","0","0"
"666646cd6c1084caf592ecc3","التقارير اليومية حزيران 09 2024","Daily Reports June 09 2024","2024-06-09T00:00:00.000Z","2024-06-10 00:20:27","6","15","1","19","0","27","6","6","59","1","816","1","4","0","0","0","0","0","0","0","0","0","0","0","0"
"6664f5b8b4010d7a884293ba","التقارير اليومية حزيران 08 2024","Daily Reports June 08 2024","2024-06-08T00:00:00.000Z","2024-06-09 00:22:15","3","25","1","3","0","5","4","6","25","1","162","0","0","0","0","0","0","0","0","0","0","0","0","0","0"
"6663a3b387d7dd2b3d2d11c3","التقارير اليومية حزيران 07 2024","Daily Reports June 07 2024","2024-06-07T00:00:00.000Z","2024-06-08 00:20:02","9","25","1","0","0","8","7","6","17","1","240","2","0","0","1","0","0","0","0","0","0","0","0","0","0"
"66625215c13e571639af5568","التقارير اليومية حزيران 06 2024","Daily Reports June 06 2024","2024-06-06T00:00:00.000Z","2024-06-07 00:19:30","9","25","1","8","0","51","6","6","37","1","236","3","1","0","1","0","0","0","0","0","0","0","0","0","0"
"6661008a5f43d7101b3f9e10","التقارير اليومية حزيران 05 2024","Daily Reports June 05 2024","2024-06-05T00:00:00.000Z","2024-06-06 00:19:20","6","25","1","8","0","58","9","6","27","1","119","12","0","0","1","0","0","0","0","0","0","0","0","0","0"
"665faf0a3550a0201d8cfeea","التقارير اليومية حزيران 04 2024","Daily Reports June 04 2024","2024-06-04T00:00:00.000Z","2024-06-05 00:19:20","6","25","1","6","0","17","4","6","14","1","192","4","0","0","1","0","1","0","0","0","0","0","0","0","0"
"665e5d7a5e0c63712eda6063","التقارير اليومية حزيران 03 2024","Daily Reports June 03 2024","2024-06-03T00:00:00.000Z","2024-06-04 00:19:04","5","26","1","10","0","28","6","6","34","1","151","1","0","0","1","0","0","0","0","0","0","0","0","0","0"
"665d0c60c46b802799bad906","التقارير اليومية حزيران 02 2024","Daily Reports June 02 2024","2024-06-02T00:00:00.000Z","2024-06-03 00:20:47","8","26","1","14","0","14","6","6","46","1","221","0","0","0","0","0","0","0","0","0","0","0","0","0","0"
"665bbb193958a5d2b1e62f6a","التقارير اليومية حزيران 01 2024","Daily Reports June 01 2024","2024-06-01T00:00:00.000Z","2024-06-02 00:21:44","7","27","1","7","0","10","9","6","45","1","351","0","0","0","0","0","0","0","0","0","0","0","0","0","0"
"665a695b29951344fcdc1f3c","التقارير اليومية أيار 31 2024","Daily Reports May 31 2024","2024-05-31T00:00:00.000Z","2024-06-01 00:20:40","13","26","1","15","2","8","7","6","55","1","293","5","3","0","1","0","0","0","0","0","0","0","0","0","0"
"66591763d05c1832ad504704","التقارير اليومية أيار 30 2024","Daily Reports May 30 2024","2024-05-30T00:00:00.000Z","2024-05-31 00:18:39","10","26","1","19","0","26","8","6","34","1","362","2","3","0","1","1","0","1","0","0","0","0","0","0","0"
"6657c61a2083eb5422b33079","التقارير اليومية أيار 29 2024","Daily Reports May 29, 2024","2024-05-29T00:00:00.000Z","2024-05-30 00:19:36","9","26","1","15","3","33","7","6","30","1","287","2","0","1","1","0","0","0","0","0","0","0","0","0","0"
"665674acd64cf66f52cf4f99","التقارير اليومية أيار 28 2024","Daily Reports May 28, 2024","2024-05-28T00:00:00.000Z","2024-05-29 00:19:53","16","27","1","23","3","20","6","6","41","1","114","1","1","0","1","0","0","0","0","0","0","0","0","0","0"
"6655230cf3378f5b35d59e10","التقارير اليومية أيار 27 2024","Daily Reports May 27, 2024","2024-05-27T00:00:00.000Z","2024-05-28 00:19:23","7","26","1","23","4","25","11","6","26","1","386","1","0","0","1","0","0","0","0","0","0","0","0","0","0"
"6653d1a7ca72d63b723ecc76","التقارير اليومية أيار 26 2024","Daily Reports May 26, 2024","2024-05-26T00:00:00.000Z","2024-05-27 00:19:51","8","26","1","24","4","17","8","7","34","1","224","0","1","0","0","0","0","0","0","0","0","0","0","0","0"
"66528071994ccadd092bb9fe","التقارير اليومية أيار 25 2024","Daily Reports May 25 2024","2024-05-25T00:00:00.000Z","2024-05-26 00:21:04","13","26","1","15","0","16","5","7","60","1","131","0","1","0","0","0","0","0","0","0","0","0","0","0","0"
"66512e541ca8aa3ce25d7390","التقارير اليومية أيار 24 2024","Daily Reports May 24, 2024","2024-05-24T00:00:00.000Z","2024-05-25 00:18:24","11","26","1","20","1","16","9","7","34","1","96","0","0","0","1","0","0","0","1","0","0","0","0","0","0"
"664fdd15c9c1470efc5d38a5","التقارير اليومية أيار 23 2024","Daily Reports May 23, 2024","2024-05-23T00:00:00.000Z","2024-05-24 00:19:29","1","25","1","15","0","30","10","7","26","1","218","0","1","0","1","0","0","0","0","0","0","0","0","0","0"
"664e8b61fa1e6572d9ca7773","التقارير اليومية أيار 22 2024","Daily Reports May 22 2024","2024-05-22T00:00:00.000Z","2024-05-23 00:18:39","1","25","1","16","0","21","5","7","32","1","146","2","0","0","1","0","0","0","0","0","0","0","0","0","0"
"664d39e63a633ac726183e62","التقارير اليومية أيار 21 2024","Daily Reports May 21 2024","2024-05-21T00:00:00.000Z","2024-05-22 00:18:43","5","25","1","12","0","17","7","7","31","1","212","1","0","0","1","0","0","0","0","1","0","0","0","0","0"
"664be8827d11f93eedb354bc","التقارير اليومية أيار 20 2024","Daily Reports May 2024","2024-05-20T00:00:00.000Z","2024-05-21 00:19:12","10","25","1","9","0","35","3","7","30","1","176","1","1","0","1","0","0","1","0","0","0","0","0","0","0"
"664a9721fa1de79ebdd6bce3","التقارير اليومية أيار 19 2024","Daily Reports May 19 2024","2024-05-19T00:00:00.000Z","2024-05-20 00:19:43","6","25","1","19","0","14","11","7","46","1","111","0","1","0","0","0","0","0","0","0","0","0","0","0","0"
"664945e8e5a530e12716b33f","التقارير اليومية أيار 18 2024","Daily Reports May 18, 2024","2024-05-18T00:00:00.000Z","2024-05-19 00:20:54","8","25","1","12","0","4","9","7","41","2","116","0","3","0","1","0","0","0","0","0","0","0","0","0","0"
"6647f3e25264e7fa25b9db0b","التقارير اليومية أيار 17 2024","Daily Reports May 17, 2024","2024-05-17T00:00:00.000Z","2024-05-18 00:18:40","7","25","1","15","1","26","11","7","50","1","62","2","1","0","1","0","0","0","0","0","0","0","0","0","0"
"6646a279a260fc9dd923c1af","التقارير اليومية أيار 16 2024","Daily Reports May 16 2024","2024-05-16T00:00:00.000Z","2024-05-17 00:19:01","10","25","1","10","1","20","10","7","51","1","76","0","1","0","1","0","0","1","0","0","12","0","0","0","0"
"664550d33e9b99bc6af842ce","التقارير اليومية أيار 15 2024","Daily Reports May 15 2024","2024-05-15T00:00:00.000Z","2024-05-16 00:18:25","9","25","1","7","1","24","3","7","30","1","82","0","0","0","1","0","0","0","0","0","0","0","0","0","0"
"6643ff7e48fde938d6e2d896","التقارير اليومية أيار 14 2024","Daily Reports May 14 2024","2024-05-14T00:00:00.000Z","2024-05-15 00:19:08","10","25","1","14","3","6","4","7","23","1","234","0","0","0","1","0","0","0","0","0","0","0","0","0","0"
"6642adef3248fde00d2700e5","التقارير اليومية أيار 13 2024","Daily Reports May 13, 2024","2024-05-13T00:00:00.000Z","2024-05-14 00:18:54","10","26","1","17","3","18","9","7","20","1","85","3","0","0","1","0","0","0","0","0","0","0","0","0","0"
"66415c9492a8e9580313479e","التقارير اليومية أيار 12 2024","Daily Reports May 12 2024","2024-05-12T00:00:00.000Z","2024-05-13 00:19:31","11","26","1","17","1","32","4","7","40","1","115","0","1","0","0","0","0","0","0","0","0","0","0","0","0"
"66400b61f9010050bfd26c2e","التقارير اليومية أيار 11 2024","Daily Reports May 11 2024","2024-05-11T00:00:00.000Z","2024-05-12 00:20:47","8","26","1","13","0","12","6","7","38","1","69","1","0","0","0","0","0","0","0","0","0","0","0","0","0"
"663eb95ce03eaa25ebdb9d27","التقارير اليومية أيار 10 2024","Daily Reports May 10 2024","2024-05-10T00:00:00.000Z","2024-05-11 00:18:34","4","26","1","10","1","18","8","7","47","1","60","1","2","0","1","0","0","0","0","0","0","0","0","0","0"
"663d67dc1fe1142c658dfecf","التقارير اليومية أيار 09 2024","Daily Reports May 09 2024","2024-05-09T00:00:00.000Z","2024-05-10 00:18:35","3","26","1","14","0","37","12","7","31","1","112","4","0","0","1","0","0","0","0","0","0","0","0","0","0"
"663c1667b2157f10f11333ef","التقارير اليومية أيار 08 2024","Daily Reports May 08 2024","2024-05-08T00:00:00.000Z","2024-05-09 00:18:45","4","26","1","13","1","37","4","6","22","1","201","0","1","0","1","0","0","0","0","0","0","0","0","0","0"
"663ac448e2234c1add0222c8","التقارير اليومية أيار 07 2024","Daily Reports May 07 2024","2024-05-07T00:00:00.000Z","2024-05-08 00:16:07","4","26","1","10","0","27","5","6","32","1","110","3","0","1","1","0","0","0","0","0","0","0","0","0","0"
"66397360db43894a33b689d6","التقارير اليومية أيار 06 2024","Daily Reports May 06 2024","2024-05-06T00:00:00.000Z","2024-05-07 00:18:39","8","26","1","8","0","30","8","5","27","1","92","3","0","0","1","0","0","0","0","0","0","0","0","0","0"
"663821fd28d3a6b9102aed4f","التقارير اليومية أيار 05 2024","Daily Reports May 05 2024","2024-05-05T00:00:00.000Z","2024-05-06 00:19:07","6","26","1","12","0","13","7","5","32","1","114","0","1","0","0","0","0","0","0","0","0","0","0","0","0"
"6636d0c4b8b41fc74c815382","التقارير اليومية أيار 04 2024","Daily Reports May 04 2024","2024-05-04T00:00:00.000Z","2024-05-05 00:20:19","6","26","1","16","2","11","11","5","58","1","44","3","2","0","0","0","0","0","0","0","0","0","0","0","0"
"66357eb376e30a7759bf8bc0","التقارير اليومية أيار 03 2024","Daily Reports May 03 2024","2024-05-03T00:00:00.000Z","2024-05-04 00:17:54","4","26","1","14","0","10","7","4","61","1","53","3","1","0","1","1","0","0","0","0","0","0","0","0","0"
"66342d5c4b8252ff966d4225","التقارير اليومية أيار 02 2024","Daily Reports May 02 2024","2024-05-02T00:00:00.000Z","2024-05-03 00:18:35","5","26","1","20","4","22","4","5","27","1","52","3","0","0","1","0","0","0","0","0","0","1","0","0","0"
"6632dbc6f80b461b87fa9222","التقارير اليومية أيار 01 2024","Daily Reports May 01 2024","2024-05-01T00:00:00.000Z","2024-05-02 00:18:12","6","26","1","14","2","28","5","5","37","1","57","0","2","0","1","1","0","0","0","0","0","0","0","0","0"
"66318aa9d1a7ee442da9a90d","التقارير اليومية نيسان 30 2024","April 30 2024","2024-04-30T00:00:00.000Z","2024-05-01 00:19:52","3","27","1","12","4","13","7","5","30","1","64","0","0","0","1","0","0","0","0","0","0","0","0","0","0"
"663038a4c461e85178a74df2","التقارير اليومية نيسان 29 2024","April 29 2024","2024-04-29T00:00:00.000Z","2024-04-30 00:17:39","7","26","1","23","6","11","3","5","11","1","68","0","2","0","1","0","0","0","0","0","0","0","0","0","0"
"662ee77e4ad7e049d0270959","التقارير اليومية نيسان 28 2024","April 28 2024","2024-04-28T00:00:00.000Z","2024-04-29 00:19:09","13","26","1","18","1","22","6","5","35","1","138","0","2","0","0","0","0","0","0","0","0","0","0","0","0"
"662d9674f6f7da0fcd4b058c","التقارير اليومية نيسان 27 2024","April 27 2024","2024-04-27T00:00:00.000Z","2024-04-28 00:21:06","7","26","1","17","1","6","11","5","50","1","72","0","0","0","1","0","0","0","0","0","0","0","0","0","0"
"662c44372ebac6def9a76d8f","التقارير اليومية نيسان 26 2024","April 26 2024","2024-04-26T00:00:00.000Z","2024-04-27 00:17:58","6","26","1","21","3","18","5","5","39","1","75","0","0","0","2","0","0","0","0","0","0","0","0","0","0"
"662af2ca966e3e72643b0276","التقارير اليومية نيسان 25 2024","April 25 2024","2024-04-25T00:00:00.000Z","2024-04-26 00:18:17","4","26","1","13","0","18","4","5","20","1","67","0","0","0","2","0","0","0","0","0","0","0","0","0","0"
"6629a1c97004d78629c81d97","التقارير اليومية نيسان 24 2024","April 24 2024","2024-04-24T00:00:00.000Z","2024-04-25 00:20:24","0","27","1","13","0","18","7","5","24","1","89","0","0","0","1","0","0","0","0","0","0","0","0","0","0"
"66284fcc13883c5bce1fed8c","التقارير اليومية نيسان 23 2024","April 23 2024","2024-04-23T00:00:00.000Z","2024-04-24 00:18:19","2","26","1","16","1","11","6","5","20","1","67","0","0","0","1","0","0","0","0","0","0","0","0","0","0"
"6626fe581df5a2bfd2da6d00","التقارير اليومية نيسان 22 2024","April 22 2024","2024-04-22T00:00:00.000Z","2024-04-23 00:18:31","3","27","1","8","0","27","10","5","27","1","112","0","0","0","1","0","0","0","0","0","0","0","0","0","0"
"6625ad12dcb281eecf699796","التقارير اليومية نيسان 21 2024","April 21 2024","2024-04-21T00:00:00.000Z","2024-04-22 00:19:29","6","27","1","11","0","30","3","5","35","1","82","0","2","2","0","0","0","0","0","0","0","0","0","0","0"
"66245bc1fdc8f6fdd614a14d","التقارير اليومية نيسان 2024","April 20 2024","2024-04-20T00:00:00.000Z","2024-04-21 00:20:16","5","27","1","11","2","15","12","5","43","1","85","0","2","0","0","0","0","0","0","0","0","0","0","0","0"
"662309b4892d6be1087a73a6","التقارير اليومية نيسان 19 2024","April 19 2024","2024-04-19T00:00:00.000Z","2024-04-20 00:17:55","1","27","1","8","0","13","4","5","37","1","66","6","0","0","1","0","0","0","0","0","0","0","0","0","0"
"6621b8629905420fbdf3ef02","التقارير اليومية نيسان 18 2024","April 18 2024","2024-04-18T00:00:00.000Z","2024-04-19 00:18:40","5","27","1","17","0","44","3","5","43","1","107","0","0","0","1","0","0","0","0","0","0","0","0","0","0"
"662066beb207914b5de52d1d","التقارير اليومية نيسان 17 2024","April 17 2024","2024-04-17T00:00:00.000Z","2024-04-18 00:18:04","2","28","1","21","3","16","5","5","41","1","89","1","0","0","1","0","0","0","2","0","0","0","0","0","0"
"661f154c488ca5fc576b1682","التقارير اليومية نيسان 16 2024","April 16 2024","2024-04-16T00:00:00.000Z","2024-04-17 00:18:17","9","28","1","16","1","34","12","5","34","1","116","8","1","0","2","0","0","0","0","0","0","0","0","0","0"
"661dc3b912698ce4fff215aa","التقارير اليومية نيسان 15 2024","April 15 2024","2024-04-15T00:00:00.000Z","2024-04-16 00:18:00","20","28","1","29","4","24","7","5","36","1","101","1","0","1","1","1","0","0","0","0","0","0","0","0","0"
"661c925891eea1a1675eb5be","التقارير اليومية نيسان 14 2024","April 14 2024","2024-04-14T00:00:00.000Z","2024-04-15 02:35:03","57","29","1","20","12","15","4","5","31","1","84","3","2","0","0","0","0","0","0","0","0","0","0","0","0"
"661b2190e9e91a7bb8afe0bb","التقارير اليومية نيسان 13 2024","April 13 2024","2024-04-13T00:00:00.000Z","2024-04-14 00:21:34","9","27","1","15","0","9","8","5","32","1","125","0","1","0","0","0","0","0","0","0","0","0","0","0","0"
"6619ced1aa5949a34ca2cc8c","التقارير اليومية نيسان 12 2024","April 12 2024","2024-04-12T00:00:00.000Z","2024-04-13 00:16:17","4","27","1","17","0","13","4","5","44","1","124","0","0","0","0","0","0","0","0","0","0","0","0","0","0"
"66187db77744ea738db94c2b","التقارير اليومية نيسان 11 2024","April 11 2024","2024-04-11T00:00:00.000Z","2024-04-12 00:17:58","6","27","1","21","1","13","4","5","41","1","49","1","0","0","0","0","0","0","0","0","0","0","0","0","0"
"66172c60862f4f68ddfc523b","التقارير اليومية نيسان 10 2024","April 10 2024","2024-04-10T00:00:00.000Z","2024-04-11 00:18:39","1","27","1","7","0","26","5","5","47","1","57","0","3","0","0","0","0","0","0","0","0","0","0","0","0"
"6615dabd6ce79442df3a955c","التقارير اليومية نيسان 09 2024","April 9 2024","2024-04-09T00:00:00.000Z","2024-04-10 00:18:02","1","26","1","12","0","25","4","5","21","1","62","0","1","0","1","0","0","0","0","0","0","0","0","0","0"
"6614897e9ccdbb9653f18c24","التقارير اليومية نيسان 08 2024","April 8 2024","2024-04-08T00:00:00.000Z","2024-04-09 00:19:08","3","27","1","14","0","45","8","5","25","1","47","2","0","0","1","0","0","0","0","0","0","0","0","0","0"
"661337df4ef359b28ccef1d0","التقارير اليومية نيسان 07 2024","April 7 2024","2024-04-07T00:00:00.000Z","2024-04-08 00:18:38","0","27","1","9","0","17","5","5","22","1","75","0","0","0","0","0","0","0","0","0","0","0","0","0","0"
"6611e6d9d4c8f7ec23e46510","التقارير اليومية نيسان 06 2024","April 6 2024","2024-04-06T00:00:00.000Z","2024-04-07 00:20:40","2","27","1","9","0","13","5","5","31","1","69","0","0","0","2","0","0","0","0","0","0","0","0","0","0"
"661094a9ac1dc35a3c822e67","التقارير اليومية نيسان 05 2024","April 5 2024","2024-04-05T00:00:00.000Z","2024-04-06 00:17:44","1","26","1","6","1","33","6","5","50","1","85","0","0","0","1","0","0","0","0","0","0","0","0","0","0"
"660f4343b46237ec3edf41b5","التقارير اليومية نيسان 04 2024","April 4 2024","2024-04-04T00:00:00.000Z","2024-04-05 00:18:10","3","25","1","9","0","45","11","5","64","1","94","0","2","0","0","0","0","0","0","0","0","0","0","0","0"
"660df1dc846d2c7beefc2a70","التقارير اليومية نيسان 03 2024","April 3 2024","2024-04-03T00:00:00.000Z","2024-04-04 00:18:35","5","26","1","9","5","38","4","5","32","1","84","2","0","0","0","1","0","0","0","0","0","0","0","0","0"
"660ca0527c747edff6681472","التقارير اليومية نيسان 02 2024","April 2 2024","2024-04-02T00:00:00.000Z","2024-04-03 00:18:20","13","25","1","16","1","61","3","5","46","1","105","6","1","0","0","0","0","0","1","1","0","1","0","0","0"
"660b4ebd14d409e917d28542","التقارير اليومية نيسان 01 2024","April 1 2024","2024-04-01T00:00:00.000Z","2024-04-02 00:18:04","7","25","1","14","3","26","4","5","34","1","94","4","0","0","0","0","0","0","0","0","0","0","0","0","0"
"6609fdcc626261cbf9644a60","التقارير اليومية آذار 31 2024","Daily reports March 31, 2024","2024-03-31T00:00:00.000Z","2024-04-01 00:20:25","2","25","1","13","1","21","18","5","26","1","113","0","2","0","1","0","0","0","0","0","0","0","0","0","0"
"6608ac514fe59566cd135e7d","التقارير اليومية آذار 30 2024","Daily reports March 30, 2024","2024-03-30T00:00:00.000Z","2024-03-31 00:20:33","2","28","1","7","4","13","7","5","43","1","104","0","1","0","1","0","0","0","0","0","0","0","0","0","0"
"66075a11f8b89873e9933eeb","التقارير اليومية آذار 29 2024","Daily reports March 29, 2024","2024-03-29T00:00:00.000Z","2024-03-30 00:17:16","5","28","1","6","8","16","7","6","46","1","113","1","1","1","2","0","1","0","0","0","0","0","0","0","0"
"660608bf48ee06b61757f556","التقارير اليومية آذار 28 2024","Daily reports March 28, 2024","2024-03-28T00:00:00.000Z","2024-03-29 00:18:05","5","28","1","7","0","25","6","5","60","1","101","0","0","0","2","0","0","0","1","0","0","0","0","0","0"
"6604b7370e9f34a6d20a9283","التقارير اليومية آذار 27 2024","Daily reports March 27, 2024","2024-03-27T00:00:00.000Z","2024-03-28 00:17:58","0","28","1","13","0","30","8","5","27","2","116","1","1","0","1","0","0","0","0","0","0","0","0","0","0"
"66036592d5e27d5f85f92245","التقارير اليومية آذار 26 2024","Daily reports March 26, 2024","2024-03-26T00:00:00.000Z","2024-03-27 00:17:21","5","28","1","5","0","22","11","5","20","1","95","0","0","0","2","0","0","0","0","0","0","0","0","0","0"
"66021419046dde366739bec0","التقارير اليومية آذار 25 2024","Daily reports March 25 2024","2024-03-25T00:00:00.000Z","2024-03-26 00:17:27","2","29","1","16","0","28","10","5","21","1","182","0","1","0","2","0","0","0","0","0","0","0","0","0","0"
"6600c2f33324377a56b1200c","التقارير اليومية آذار 24 2024","Daily reports March 24, 2024","2024-03-24T00:00:00.000Z","2024-03-25 00:18:59","0","28","1","13","0","13","6","5","22","1","108","0","0","0","0","0","0","0","0","0","0","0","0","0","0"
"65ff71c007e28d355a596482","التقارير اليومية آذار 23 2024","Daily reports March 23, 2024","2024-03-23T00:00:00.000Z","2024-03-24 00:20:14","3","28","1","9","0","12","5","5","39","2","119","0","1","0","1","0","0","0","1","0","0","0","0","0","0"
"65fe1f9daee8b634289d2ff2","التقارير اليومية آذار 22 2024","Daily reports March 22 2024","2024-03-22T00:00:00.000Z","2024-03-23 00:17:31","4","28","1","12","2","17","5","5","42","1","113","1","0","0","1","0","0","0","0","0","0","0","0","0","0"
"65fcce2b704876bc131a5dee","التقارير اليومية آذار 21 2024","Daily reports March 21, 2024","2024-03-21T00:00:00.000Z","2024-03-22 00:17:46","7","28","1","7","1","38","8","5","49","3","96","4","0","0","1","0","0","0","0","0","0","0","0","0","0"
"65fa2b12e5e0237c7ab4f12e","التقارير اليومية آذار 19 2024","Daily reports March 19, 2024","2024-03-19T00:00:00.000Z","2024-03-20 00:17:18","3","28","1","10","6","16","4","5","33","1","142","3","1","0","1","0","0","0","1","0","0","0","0","0","0"
"65f8d9c247162b28f185007a","التقارير اليومية آذار 18 2024","Daily reports March 18, 2024","2024-03-18T00:00:00.000Z","2024-03-19 00:18:07","6","28","1","15","1","24","7","5","36","1","116","0","1","0","1","0","0","0","0","0","0","0","0","0","0"
"65f7886a8511683e0ca0c19d","التقارير اليومية آذار 17 2024","Daily reports March 17, 2024","2024-03-17T00:00:00.000Z","2024-03-18 00:18:49","7","28","1","13","2","16","9","5","41","1","134","0","0","0","0","0","0","0","0","0","0","0","0","0","0"
"65f6371fa81e92a9d75d2480","التقارير اليومية آذار 16 2024","Daily reports March 16, 2024","2024-03-16T00:00:00.000Z","2024-03-17 00:19:42","5","28","1","14","0","5","6","5","40","1","113","0","0","0","2","0","0","0","0","0","0","0","0","0","0"
"65f4e4fefaa444e8b638334e","التقارير اليومية آذار 15 2024","Daily reports March 15, 2024","2024-03-15T00:00:00.000Z","2024-03-16 00:16:58","9","28","1","13","8","19","4","5","29","1","300","7","2","0","2","0","0","0","0","1","1","0","0","0","0"
"65f393d68c18798eaa08d348","التقارير اليومية آذار 14 2024","Daily reports March 14, 2024","2024-03-14T00:00:00.000Z","2024-03-15 00:18:27","5","28","1","10","0","23","10","5","56","1","111","1","1","0","1","0","0","0","0","0","0","0","0","0","0"
"65f242117bc3e4cb013e109a","التقارير اليومية آذار 13 2024","Daily reports March 13, 2024","2024-03-13T00:00:00.000Z","2024-03-14 00:17:19","1","28","1","11","0","16","12","5","22","1","144","1","0","0","1","0","0","0","0","0","0","0","0","0","0"
"65f0f0c180138146a9611b17","التقارير اليومية آذار 12 2024","Daily reports March 12 2024","2024-03-12T00:00:00.000Z","2024-03-13 00:18:07","1","28","1","5","0","23","7","5","12","1","131","0","1","0","2","0","0","0","0","0","0","0","0","0","0"
"65ef9f2fdea76237bfd0fef7","التقارير اليومية آذار 11 2024","Daily reports March 11 2024","2024-03-11T00:00:00.000Z","2024-03-12 00:17:49","4","28","1","12","3","28","5","5","22","1","107","2","0","0","2","0","0","0","0","0","0","0","0","0","0"
"65ee4dd986cc706e38acea6b","التقارير اليومية آذار 10 2024","Daily reports March 10 2024","2024-03-10T00:00:00.000Z","2024-03-11 00:18:32","7","28","1","13","0","9","4","5","18","1","132","0","1","0","0","0","0","0","0","0","0","0","0","0","0"
"65ecfc953f0c3293e550775f","التقارير اليومية آذار 09 2024","Daily reports March 09 2024","2024-03-09T00:00:00.000Z","2024-03-10 00:19:33","9","28","1","14","0","15","11","5","39","1","125","2","0","0","1","0","0","0","0","0","0","0","0","0","0"
"65ebaaa310f238e866b3991e","التقارير اليومية آذار 08 2024","Daily reports March 08, 2024","2024-03-08T00:00:00.000Z","2024-03-09 00:17:36","5","28","1","24","0","17","4","5","51","1","104","2","1","0","1","0","0","0","1","0","0","0","0","0","0"
"65ea595c86c83f7fa8205bc9","التقارير اليومية آذار 07 2024","Daily reports March 07 2024","2024-03-07T00:00:00.000Z","2024-03-08 00:18:34","3","28","1","11","0","52","5","5","63","1","152","3","1","0","2","0","0","0","0","0","0","0","0","0","0"
"65e906fa3844c775d1efdab6","التقارير اليومية آذار 06 2024","Daily reports March 06 2024","2024-03-06T00:00:00.000Z","2024-03-07 00:14:48","6","28","1","10","3","31","6","5","30","1","113","5","0","0","1","0","0","0","0","0","0","0","0","0","0"
"65e7b668d7b5ab8136c595bc","التقارير اليومية آذار 05 2024","Daily reports March 05 2024","2024-03-05T00:00:00.000Z","2024-03-06 00:18:45","5","28","1","13","2","30","13","5","35","1","131","0","1","0","1","0","0","0","0","0","0","0","0","0","0"
"65e664cb9548d96870ac2ffd","التقارير اليومية آذار 04 2024","Daily reports March 04 2024","2024-03-04T00:00:00.000Z","2024-03-05 00:18:14","7","28","1","21","6","44","6","5","37","1","211","3","2","0","1","1","0","0","0","1","0","0","0","0","0"
"65e513560ed5c37fdbcd824e","التقارير اليومية آذار 03 2024","Daily reports March 03 2024","2024-03-03T00:00:00.000Z","2024-03-04 00:18:29","8","28","1","16","0","9","6","5","32","1","177","0","0","0","0","0","0","0","0","0","0","0","0","0","0"
"65e3c1f904740ddeb3d8fb59","التقارير اليومية آذار 02 2024","Daily reports March 02 2024","2024-03-02T00:00:00.000Z","2024-03-03 00:19:03","6","29","1","19","0","8","8","5","44","1","156","0","2","0","1","0","0","0","0","0","0","0","0","0","0"
"65e270196e1d03fad7f53149","التقارير اليومية آذار 01 2024","Daily reports March 01 2024","2024-03-01T00:00:00.000Z","2024-03-02 00:17:25","13","31","1","19","3","11","10","5","52","1","925","3","0","0","1","0","0","0","1","0","0","0","0","0","0"
"65e11f1a425a96a917d9e6a2","التقارير اليومية شباط 29 2024","Daily Reports February 29 2024","2024-02-29T00:00:00.000Z","2024-03-01 00:19:36","3","28","1","14","1","18","8","5","50","1","134","2","0","0","1","0","0","0","1","0","0","0","0","0","0"
"65dfcd2c6c99614cda031320","التقارير اليومية شباط 28 2024","Daily Reports February 28 2024","2024-02-28T00:00:00.000Z","2024-02-29 00:17:46","1","28","1","10","0","41","10","5","21","2","113","3","0","0","1","0","0","0","0","0","0","0","0","0","0"
"65de7b987b20d5f32e7d8a65","التقارير اليومية شباط 27 2024","Daily Reports February 27 2024","2024-02-27T00:00:00.000Z","2024-02-28 00:17:26","3","28","1","8","0","37","9","5","29","1","177","1","0","0","1","0","0","0","0","0","0","0","0","0","0"
"65dd2a4f7d5534c8ad9a25b7","التقرير اليومية شباط 26 2024","February daily report 26 2024","2024-02-26T00:00:00.000Z","2024-02-27 00:18:21","2","28","1","18","1","36","6","5","25","1","165","1","0","0","1","0","0","0","0","0","0","1","0","0","0"
"65dbd8d2d6066dce101e5e25","التقارير اليومية شباط 25 2024","Daily Reports February 25 2024","2024-02-25T00:00:00.000Z","2024-02-26 00:18:23","2","28","1","8","1","23","7","5","28","1","133","0","1","0","0","0","0","0","0","0","0","0","8","0","0"
"65da8796aa3b22b35d16dd60","التقارير اليومية شباط 24 2024","Daily Reports February 24 2024","2024-02-24T00:00:00.000Z","2024-02-25 00:19:31","4","28","1","11","0","20","10","5","45","1","129","0","0","0","1","0","0","0","0","0","0","0","0","0","0"
"65d9357e927700c200f9ba47","التقارير اليومية شباط 23 2024","Daily Reports February 23, 2024","2024-02-23T00:00:00.000Z","2024-02-24 00:16:59","8","28","1","20","0","22","7","5","55","2","178","0","2","0","1","0","0","0","0","0","0","0","0","0","0"
"65d7e4172cbe27f1e8ad3350","التقارير اليومية شباط 22 2024","Daily Reports February 22 2024","2024-02-22T00:00:00.000Z","2024-02-23 00:17:25","7","28","1","21","2","35","9","5","59","1","136","1","0","0","1","0","0","0","0","0","0","0","0","0","0"
"65d692b7ce86d0be5c15442d","التقارير اليومية شباط 21 2024","Daily Reports February 21 2024","2024-02-21T00:00:00.000Z","2024-02-22 00:17:57","9","28","1","19","0","54","9","5","47","1","166","3","1","0","1","0","0","0","0","0","0","0","0","0","0"
"65d54135f372af3c06613ad3","التقارير اليومية شباط 20 2024","Daily Reports February 20 2024","2024-02-20T00:00:00.000Z","2024-02-21 00:17:54","8","31","1","8","1","25","11","5","41","1","150","0","2","0","1","0","0","0","0","0","0","0","0","0","0"
"65d3efb61fa191bf30b4ee40","التقارير اليومية شباط 19 2024","Daily Reports February 19 2024","2024-02-19T00:00:00.000Z","2024-02-20 00:17:55","11","29","1","18","0","49","7","5","39","1","149","0","0","0","1","0","0","0","1","0","0","0","0","0","0"
"65d29e67a6157528d43bff81","التقارير اليومية شباط 18 2024","Daily Reports February 18 2024","2024-02-18T00:00:00.000Z","2024-02-19 00:18:46","6","28","1","16","1","15","6","5","28","1","208","0","0","0","0","0","0","0","0","0","0","0","0","0","0"
"65d14d1215982140d363fc74","التقارير اليومية شباط 17 2024","Daily Reports February 17 2024","2024-02-17T00:00:00.000Z","2024-02-18 00:19:28","3","28","1","11","3","7","9","5","36","1","127","0","0","0","1","0","0","0","0","0","0","0","0","0","0"
"65cffb32ebbae50c2cdd1baa","التقارير اليومية شباط 16 2024","Daily Reports February 16 2024","2024-02-16T00:00:00.000Z","2024-02-17 00:17:47","1","28","1","13","0","17","7","5","45","1","158","0","1","1","1","0","0","0","1","1","0","0","0","0","0"
"65cea9a1de690557438ce7c3","التقارير اليومية شباط 15 2024","Daily Reports February 15 2024","2024-02-15T00:00:00.000Z","2024-02-16 00:17:34","6","28","1","10","0","20","8","5","81","1","114","3","3","0","2","0","0","0","0","0","0","0","0","0","0"
"65cd583482440b7ff9a65882","التقارير اليومية شباط 14 2024","Daily Reports February 14 2024","2024-02-14T00:00:00.000Z","2024-02-15 00:17:49","7","27","1","9","1","29","7","5","31","1","149","0","1","0","1","0","0","0","0","0","0","0","0","0","0"
"65cc06cff700f3e69b7e987b","التقارير اليومية شباط 13 2024","Daily Reports February 13 2024","2024-02-13T00:00:00.000Z","2024-02-14 00:18:21","6","27","1","15","0","32","9","5","30","1","164","4","1","0","1","0","0","0","0","0","0","0","0","0","0"
"65cab565bc6925274b37d5af","التقارير اليومية شباط 12 2024","Daily Reports February 12 2024","2024-02-12T00:00:00.000Z","2024-02-13 00:18:44","3","27","1","12","0","55","11","5","29","1","204","2","0","0","1","0","0","0","0","0","0","0","0","0","0"
"65c964184bc9c4b96b655aad","التقارير اليومية شباط 11 2024","Daily Reports February 11 2024","2024-02-11T00:00:00.000Z","2024-02-12 00:19:34","2","27","1","18","0","9","7","5","27","1","175","3","2","0","0","0","0","0","0","0","0","0","0","0","0"
"65c8129d2634631fafeef325","التقارير اليومية شباط 10 2024","Daily Reports February 10 2024","2024-02-10T00:00:00.000Z","2024-02-11 00:19:38","8","27","1","12","1","26","6","5","31","1","156","0","2","0","1","0","0","0","0","0","0","0","0","0","0"
"65c6c08ed6635299bf2261ee","التقارير اليومية شباط 09 2024","Daily Reports February 09 2024","2024-02-09T00:00:00.000Z","2024-02-10 00:17:16","5","29","1","13","0","16","7","5","65","1","149","1","9","0","2","0","0","0","0","0","0","0","0","0","0"
"65c56f3074d9aa4ed64c7f01","التقارير اليومية شباط 08 2024","Daily Reports February 08 2024","2024-02-08T00:00:00.000Z","2024-02-09 00:17:49","4","28","1","16","0","20","4","5","67","1","179","1","0","0","1","0","0","0","0","0","1","0","0","0","0"
"65c41db01b1574f4a0d4fffa","التقارير اليومية شباط 07 2024","Daily Reports February 07 2024","2024-02-07T00:00:00.000Z","2024-02-08 00:17:50","2","28","1","18","0","44","6","5","43","1","171","6","5","1","1","0","0","0","0","0","0","0","0","0","0"
"65c2cc086f8d8f889b4ce7da","التقارير اليومية شباط 06 2024","Daily Reports February 06 2024","2024-02-06T00:00:00.000Z","2024-02-07 00:17:06","4","27","1","9","1","25","6","5","30","1","144","1","0","0","1","0","0","0","0","0","0","1","0","0","0"
"65c17ad228359e36404f9439","التقارير اليومية شباط 05 2024","Daily Reports February 05 2024","2024-02-05T00:00:00.000Z","2024-02-06 00:18:22","3","28","1","23","1","38","8","5","113","1","206","2","3","0","1","0","0","0","0","2","0","0","0","0","0"
"65c029934548dbcd962483b1","التقارير اليومية شباط 04 2024","Daily Reports February 04 2024","2024-02-04T00:00:00.000Z","2024-02-05 00:19:29","8","29","1","15","1","17","13","5","40","1","182","0","2","0","0","0","0","0","0","0","0","0","0","1","0"
"65bed81912e80357f3d83b8b","التقارير اليومية شباط 03 2024","Daily Reports February 03 2024","2024-02-03T00:00:00.000Z","2024-02-04 00:19:33","3","28","1","13","1","14","7","5","41","1","167","0","6","0","1","0","0","0","0","0","0","0","0","1","0"
"65bd865039f65f584bd11724","التقارير اليومية شباط 02 2024","Daily Reports February 02 2024","2024-02-02T00:00:00.000Z","2024-02-03 00:18:21","3","29","1","17","1","42","6","5","56","1","150","0","2","0","1","0","0","0","0","0","0","0","0","0","0"
"65bc34a188eb0723cba933e7","التقارير اليومية شباط 01 2024","Daily Reports February 01 2024","2024-02-01T00:00:00.000Z","2024-02-02 00:17:35","6","29","1","16","0","53","4","5","70","1","194","0","2","0","2","0","0","0","0","0","0","0","0","0","0"
"65bae36f4228e01fc6385d20","التقارير اليومية كانون الثاني 31 2024","January 31, 2024","2024-01-31T00:00:00.000Z","2024-02-01 00:18:53","1","29","1","16","0","31","4","5","29","1","315","2","0","0","1","0","0","0","0","0","0","0","0","1","0"
"65b991c19b902a30cbd96bb8","التقارير اليومية كانون الثاني 30 2024","Daily reports January 30, 2024","2024-01-30T00:00:00.000Z","2024-01-31 00:18:07","1","29","1","21","0","24","11","5","27","1","251","2","0","1","1","0","0","0","0","0","0","0","0","1","0"
"65b840327e9660923e8fd3a6","التقارير اليومية كانون الثاني 29 2024","Daily reports January 29, 2024","2024-01-29T00:00:00.000Z","2024-01-30 00:17:50","2","29","1","15","0","43","11","5","39","1","305","0","4","2","1","0","0","0","1","0","0","0","0","1","0"
"65b6eec6c2703c12003e56f0","التقارير اليومية كانون الثاني 28 2024","Daily reports January 28, 2024","2024-01-28T00:00:00.000Z","2024-01-29 00:18:11","2","29","1","20","0","21","8","5","33","1","292","0","0","0","0","0","0","0","1","0","0","0","0","1","0"
"65b59da2ed6da8a9ce763e0b","التقارير اليومية كانون الثاني 27 2024","January 27, 2024","2024-01-27T00:00:00.000Z","2024-01-28 00:19:44","2","29","1","9","0","8","12","5","28","1","312","0","0","0","1","0","0","0","0","0","0","0","0","1","0"
"65b44b831ff7eb06e8dd73e7","التقارير اليومية كانون الثاني 26 2024","Daily reports January 26, 2024","2024-01-26T00:00:00.000Z","2024-01-27 00:17:04","4","30","1","17","0","20","9","5","52","1","378","1","2","0","1","0","0","1","0","0","0","0","0","1","0"
"65c39308b3f5d1a8b3fe560f","التقارير اليومية كانون الثاني 25 2024","Reports January 25 2024","2024-01-25T00:00:00.000Z","2024-02-07 16:10:07",1,31,1,16,"0",33,9,5,74,1,374,"0","0","0","0","0","0","0","0","0","0","0","0",1,1
"65b1a919b8afaa31d9ebff95","التقارير اليومية كانون الثاني 24 2024","January 24, 2024 daily reports","2024-01-24T00:00:00.000Z","2024-01-25 00:19:33","5","32","1","24","1","37","8","5","30","1","391","1","6","0","1","0","0","0","1","0","0","0","0","1","0"
"65b0579f1522fffdd711cb79","التقارير اليومية كانون الثاني 23 2024","Daily reports January 23, 2024","2024-01-23T00:00:00.000Z","2024-01-24 00:19:40","8","31","1","19","1","42","11","5","52","1","361","0","1","0","1","0","0","0","0","0","0","0","0","1","0"
"65af0618d5ca60716bf7993a","التقارير اليومية كانون الثاني 22 2024","Daily reports January 22, 2024","2024-01-22T00:00:00.000Z","2024-01-23 00:19:32","6","31","1","24","1","26","15","5","47","1","345","0","2","0","1","1","0","0","0","0","0","0","0","1","0"
"65adb4d18e0de2aa8c1dcb2f","التقارير اليومية كانون الثاني 21 2024","Daily Reports January 21, 2024","2024-01-21T00:00:00.000Z","2024-01-22 00:20:30","8","31","1","21","2","23","8","5","37","1","294","0","0","0","1","0","0","0","0","0","0","0","0","1","0"
"65ac635a9e67154ab9d38d42","التقارير اليومية كانون الثاني 20 2024","January 20, 2024 daily reports","2024-01-20T00:00:00.000Z","2024-01-21 00:20:41","4","30","1","15","1","17","10","5","49","1","284","0","0","0","1","0","0","0","0","0","0","0","0","1","0"
"65c38a7d41a7cd01ab64bfbc","التقارير اليومية كانون الثاني 19 2024","Reports January 19 2024","2024-01-19T00:00:00.000Z","2024-02-07 15:44:03",2,30,1,23,"0",26,8,5,56,1,285,7,"0","0","0","0","0","0","0","0","0","0","0",1,1
"65a9c00b7fdd097b4fd3168f","التقارير اليومية كانون الثاني 18 2024","Daily reports January 18, 2024","2024-01-18T00:00:00.000Z","2024-01-19 00:19:21","6","30","1","18","0","106","6","5","65","2","343","4","0","4","1","0","0","0","0","0","0","0","0","1","0"
"65a86e6ac028bc7a47bcb8a5","التقارير اليومية كانون الثاني 17 2024","Daily Reports January 17, 2024","2024-01-17T00:00:00.000Z","2024-01-18 00:18:47","2","30","1","21","0","54","10","5","43","2","351","7","2","2","1","2","0","0","0","0","0","0","0","1","0"
"65a71cf4ef9ae0b6e761b401","التقارير اليومية كانون الثاني 16 2024","January 16, 2024 daily reports","2024-01-16T00:00:00.000Z","2024-01-17 00:18:58","8","30","1","17","0","47","15","5","37","1","341","1","0","0","1","0","0","0","0","0","0","0","0","1","0"
"65a5cb7bf48f71228db445c8","التقارير اليومية كانون الثاني 15 2024","January 15, 2024 daily reports","2024-01-15T00:00:00.000Z","2024-01-16 00:19:03","1","30","1","12","0","68","11","5","29","1","256","0","4","0","1","2","0","0","0","1","0","0","0","1","0"
"65a3fcb9ffb1f04965d7c74e","التقارير اليومية كانون الثاني 14 2024","Daily reports January 14, 2024","2024-01-14T00:00:00.000Z","2024-01-14 17:24:41","1","30","1","17","0","39","13","5","37","1","282","2","0","0","0","0","0","0","0","0","0","0","0","1","0"
"65a328e21ff57d4bfbbed886","التقارير اليومية كانون الثاني 13 2024","Daily Reports January 13, 2024","2024-01-13T00:00:00.000Z","2024-01-14 00:20:47","3","29","1","16","2","14","8","5","38","1","315","0","1","0","1","0","0","0","0","0","0","0","0","1","0"
"65a1d6ed47146ad6bdcdf4a5","التقارير اليومية كانون الثاني 12 2024","January 12, 2024 daily reports","2024-01-12T00:00:00.000Z","2024-01-13 00:18:49","2","29","1","14","1","12","8","5","42","1","254","4","1","0","1","0","0","0","0","0","0","0","0","1","0"
"65a085bde11cf38c4ded516a","التقارير اليومية كانون الثاني 11 2024","January 11, 2024 daily reports","2024-01-11T00:00:00.000Z","2024-01-12 00:20:09","5","29","1","23","0","31","10","5","74","1","198","3","0","0","1","0","0","0","0","0","0","0","0","1","0"
"659f3407caa088778325dab3","التقارير اليومية كانون الثاني 10 2024","January 10, 2024","2024-01-10T00:00:00.000Z","2024-01-11 00:19:16","6","29","1","21","4","34","11","5","48","1","261","0","0","1","1","0","0","0","0","0","0","0","0","1","0"
"659de283bdf0a8812b438106","التقارير اليومية كانون الثاني 09 2024","Daily reports January 09 2024","2024-01-09T00:00:00.000Z","2024-01-10 00:19:11","3","28","1","19","4","30","7","5","63","2","254","13","1","0","1","0","0","0","0","0","0","0","0","1","0"
"659c9108bf7e135b9f9e190b","التقارير اليومية كانون الثاني 08 2024","Daily reports January 08, 2024","2024-01-08T00:00:00.000Z","2024-01-09 00:19:18","3","28","1","19","11","45","8","5","35","1","519","0","2","0","1","0","0","0","0","0","0","0","0","1","0"
"659b3fc5eb89d3f08962c683","التقارير اليومية كانون الثاني 07 2024","Daily reports January 07 2024","2024-01-07T00:00:00.000Z","2024-01-08 00:20:16","3","29","1","24","6","20","9","5","38","2","261","1","2","0","0","0","0","0","0","0","0","0","0","1","0"
"6599ee7b9a3cd0fa07d3e866","التقارير اليومية كانون الثاني 06 2024","Daily reports January 06 2024","2024-01-06T00:00:00.000Z","2024-01-07 00:21:12","3","29","1","24","1","29","14","5","52","1","263","0","5","0","1","0","0","0","0","0","0","0","0","1","0"
"65989c5c5ca97eba120b5052","التقارير اليومية كانون الثاني 05 2024","Daily reports January 05 2024","2024-01-05T00:00:00.000Z","2024-01-06 00:18:33","5","28","1","17","3","31","10","5","58","1","312","1","1","0","1","0","0","0","0","0","0","0","0","1","0"
"65974ad6f5a01dbfccdd86cc","التقارير اليومية كانون الثاني 04 2024","Daily reports January 04 2024","2024-01-04T00:00:00.000Z","2024-01-05 00:18:28","1","28","1","21","2","68","11","5","56","2","329","6","4","0","1","2","0","0","0","0","0","0","0","1","0"
"6595f95dc922008c3110c2c0","التقارير اليومية كانون الثاني 03 2024","Daily reports January 03 2024","2024-01-03T00:00:00.000Z","2024-01-04 00:18:34","1","28","1","20","0","38","9","5","26","1","261","0","0","2","1","0","0","0","0","0","0","0","0","1","0"
"6594a7d904b53a2a9d497d10","التقارير اليومية كانون الثاني 02 2024","Daily reports January 02 2024","2024-01-02T00:00:00.000Z","2024-01-03 00:18:31","1","28","1","17","1","37","12","5","30","1","339","9","2","0","1","0","0","0","0","0","0","0","0","1","0"
"65935677ee5899c168dd8023","التقارير اليومية كانون الثاني 01 2024","Daily reports January 01 2024","2024-01-01T00:00:00.000Z","2024-01-02 00:19:00","1","28","1","17","0","27","9","5","30","1","254","0","0","0","1","0","0","0","0","0","0","0","0","1","0"
"6592057a2db8c9665b573526","التقارير اليومية كانون الأول 31 2023","Daily reports December 31, 2023","2023-12-31T00:00:00.000Z","2024-01-01 00:21:12","1","28","1","19","0","27","10","5","41","2","290","3","0","0","0","0","0","0","0","0","0","0","0","1","0"
"6590b3e5fb4351c51683388c","التقارير اليومية كانون الأول 30 2023","Daily Reports December 30, 2023","2023-12-30T00:00:00.000Z","2023-12-31 00:20:51","2","28","1","17","0","26","17","5","53","1","262","0","2","0","1","0","0","0","0","0","0","0","0","1","0"
"658f61b596555275155954fc","التقارير اليومية كانون الأول 29 2023","Daily reports December 29, 2023","2023-12-29T00:00:00.000Z","2023-12-30 00:17:55","2","28","1","24","0","57","10","5","75","1","318","2","3","0","1","0","0","0","0","0","0","0","0","0","0"
"658e0fc4805ffc1cce5a20f7","التقارير اليومية كانون الأول 28 2023","Daily reports December 28, 2023","2023-12-28T00:00:00.000Z","2023-12-29 00:16:00","6","28","1","22","0","66","12","5","85","2","387","0","9","0","1","0","0","0","0","0","0","0","0","1","0"
"658cbeceb4ea6adb6250ed42","التقارير اليومية كانون الأول 27 2023","Daily reports December 27, 2023","2023-12-27T00:00:00.000Z","2023-12-28 00:18:19","2","28","1","25","2","22","10","5","65","2","338","9","0","0","1","0","0","1","0","0","0","0","0","1","0"
"658b6d756887822cafd04335","التقارير اليومية كانون الأول 26 2023","Daily reports December 26, 2023","2023-12-26T00:00:00.000Z","2023-12-27 00:18:55","5","28","1","25","2","65","10","5","53","1","389","1","4","0","1","0","0","0","0","0","1","0","0","1","0"
"658a1bd785540fa5425eb738","التقارير اليومية كانون الأول 25 2023","Daily reports December 25 2023","2023-12-25T00:00:00.000Z","2023-12-26 00:18:27","3","27","1","15","0","52","14","5","37","1","507","0","0","0","1","0","0","0","0","1","0","0","0","1","0"
"6588ca931c302651c50aaac7","التقارير اليومية كانون الأول 24 2023","Daily reports December 24, 2023","2023-12-24T00:00:00.000Z","2023-12-25 00:19:30","2","27","1","17","1","14","10","5","34","1","353","10","0","0","0","0","0","0","0","0","0","0","0","1","0"
"65877940e8f8cd9240c31c61","التقارير اليومية كانون الأول 23 2023","Daily reports December 23, 2023","2023-12-23T00:00:00.000Z","2023-12-24 00:20:13","3","27","1","20","4","16","14","5","56","1","373","1","1","0","1","0","0","0","0","0","0","0","0","1","0"
"658627418c931459b9664f4a","التقارير اليومية كانون الأول 22 2023","Daily reports December 22, 2023","2023-12-22T00:00:00.000Z","2023-12-23 00:18:07","4","25","1","22","0","33","13","5","77","1","18","14","0","0","1","0","0","0","0","0","0","0","0","1","0"
"6584d5e4b547255bbb50354a","التقارير اليومية كانون الأول 21 2023","Daily reports December 21, 2023","2023-12-21T00:00:00.000Z","2023-12-22 00:18:40","4","25","1","25","0","40","11","5","94","1","12","2","3","0","1","0","0","0","0","0","0","0","0","1","0"
"658232325e3e4b926743b110","التقارير اليومية كانون الأول 19 2023","Daily reports December 19, 2023","2023-12-19T00:00:00.000Z","2023-12-20 00:15:43","5","25","1","14","1","49","15","5","41","1","310","0","2","0","1","0","0","0","0","0","0","0","0","1","0"
"6580e15e342a33c4259f2a46","التقارير اليومية كانون الأول 18 2023","Daily reports December 18, 2023","2023-12-18T00:00:00.000Z","2023-12-19 00:18:36","2","25","1","23","0","38","16","5","46","1","1 295","0","0","0","1","0","0","0","0","0","0","0","0","1","0"
"657f9020214837516223abf0","التقارير اليومية كانون الأول 17 2023","Daily reports December 17, 2023","2023-12-17T00:00:00.000Z","2023-12-18 00:19:42","2","25","1","12","1","23","13","6","33","2","9","4","2","1","0","0","0","0","0","0","0","0","0","1","0"
"657e3ed8ba02c57c626167ab","التقارير اليومية كانون الأول 16 2023","Daily reports December 16, 2023","2023-12-16T00:00:00.000Z","2023-12-17 00:20:37","3","26","1","20","0","23","17","6","49","1","7","3","1","0","1","0","0","0","0","0","0","0","0","1","0"
"657cecea51678a5e9cdd1e5e","التقارير اليومية كانون الأول 15 2023","Daily reports December 15, 2023","2023-12-15T00:00:00.000Z","2023-12-16 00:18:46","4","26","1","16","0","35","18","6","73","2","118","4","1","3","1","1","0","0","0","0","0","0","0","1","0"
"657b9b86e50b8ca30e39383c","التقارير اليومية كانون الأول 14 2023","Daily reports December 14, 2023","2023-12-14T00:00:00.000Z","2023-12-15 00:19:15","4","25","1","20","0","45","12","6","70","2","316","12","3","3","2","0","0","0","0","0","0","0","0","1","0"
"657a49e0ddde0e4b415bfc40","التقارير اليومية كانون الأول 13 2023","Daily reports December 13, 2023","2023-12-13T00:00:00.000Z","2023-12-14 00:18:34","2","28","1","33","1","141","12","6","44","1","511","14","0","3","1","0","0","0","0","0","0","0","0","1","0"
"6578f85a88fd920b9d217524","التقارير اليومية كانون الأول 12 2023","Daily reports December 12 2023","2023-12-12T00:00:00.000Z","2023-12-13 00:18:29","12","25","1","20","0","86","15","6","51","2","462","11","4","3","1","0","0","1","1","0","0","0","0","1","0"
"6577a6fd7ed46bba476feaaf","التقارير اليومية كانون الأول 11 2023","Daily reports December 11, 2023","2023-12-11T00:00:00.000Z","2023-12-12 00:19:04","6","25","1","27","2","49","15","6","44","1","421","0","1","0","1","0","0","0","0","0","0","0","0","1","0"
"657655932f654704dfc42fcc","التقارير اليومية كانون الأول 10 2023","Daily reports December 10 2023","2023-12-10T00:00:00.000Z","2023-12-11 00:19:29","11","28","1","39","6","30","12","6","46","1","457","0","0","0","0","0","0","0","1","0","0","0","0","1","0"
"657504631e10b45caa6caea1","التقارير اليومية كانون الأول 09 2023","Daily reports December 09 2023","2023-12-09T00:00:00.000Z","2023-12-10 00:20:46","1","27","1","26","7","20","15","6","44","1","2 311","0","3","0","1","0","0","0","0","0","0","0","0","1","0"